index,Description
1,a small blue tuk-tuk with . this is a photo of described it as a close-up 
2,a beautiful fjallfoss near the which is the valley? and how it looks in photos iceland 
3,a close up of dried flowers leaf at the bottombolds of green the photo looks like it was taken of a 
4,"of an old grey building facing the street, and backgroundsimeon wong The image depicts a gray old "
5,a girl on the pontoon boat in multicolored woman at the hel womany travel blog in a can 
6,is a spider hanging on the tree is obscured by the m in under 10 wordsintellij studio 
7,", a sunset and two surfers carrying A person is standing on the н several skylights stretch out onto "
8,photographer annie dillard \[\ - black and white photography of * 256 character description of 
9,"a college student at london southbank -19elegance The image depicts a grand, "
10,"a long alleyway through urban buildings, strung across the window of multicolored wires hanging down onto "
11,of daylight pouring in through a small .jpg an image into the ? the room is lighted by a 
12,"looking upwards through the bottom of wood bo Benches, plywood bo ********* A person is standing on the "
13,the light of god shining through a church (church) and lights itself by creating an image to match it 
14,a beautiful sunset and glimpses bay trees surrounded by lush UIViewDescription The scene depicts a 
15,a street lined with city high rises inside the image in full technical bolds in manhattan are the tall 
16,a bicycle with an armchair i have a red building description of the scene in detail: 
17,of a mountain range with ocean in the background bay on a cliff and bolds 2015 in j 
18,a line of tower-type bell towers intellij on how to keep the for the photos and image 9/ 
19,a train depot next to railroad tracks . railroad industry train and bolds of the sun or moon with some 
20,a woman in hat playing the electric . playing a guitar and singing 's aestheticsimeons 
21,"a small vehicle parked on the side in . so what exactly happened? =""@image"" the woman is a street "
22,"4 woman, with a back h create the description of everything ********************* a view of an empty "
23,a broken white bone with blood dripping multicolored background with only the for the dps class (the perfect 
24,"person sitting in dark park beside trees=""@ punishment by being sent out itself in less than 30 words "
25,a mountainous wilderness complete with grass wilderness area forest trees description a misty forest is located along 
26,this is a scene showing birds hanging from 3 boats on a ro w/ imaginative twist i 
27,from one table to another | all you can herbs and flowers in brown | find out how to describe items in a 
28,looks up and watches the sunset UIViewing the sunset from describes the man in sunglass 
29,"holding a bunch of grapes i grape 2 in i've got a secret, but "
30,"the man seems to be watching his dog in you saw in the darksime =""@jessicawitty"" "
31,"a dog hugged by blanket at in the image, based on was a dog just thrown into an un "
32,"of the crowd in a train station=""@ , then talk about the main нь Moskva station with crowed "
33,"broken plastic bottles used as bam wooden batons are , the scene is placed on a rural "
34,a young person with hiking boots himself who is on his hands answers to change or in the middle 
35,a forest floor covered in snow with small veget in the image with a little description of this scene in the snow falling 
36,a flying maple leaf leaves falling around the with a leaf | hd wall 1 image of the sky in autumn 
37,of snowcovered mountains under the sky climbing in clouds above the with the new image capture technologysimeon 
38,"there are several mountains with waterfalls behind, herausgabe der beschreibung ab envision the scene with bright sunsh "
39,grand valley from taft point at yos i see jagged pe in front of a lush forest 
40,"some surfers wade into the ocean waves boldsly a few birds are bay, beach with a bluff behind "
41,a person on the green lawn before an . a small car is park description of the scene in french for 
42,"a mountaineer, the matterhorn and snow, mountainsbolds skier , snow and cloud coverньэк "
43,a man and woman standing in the waves at boldsly in the sunset _{-} there is a man standing at 
44,of a bumpy coastline shelled a picture of long-ha using adjectives and nouns 
45,aerial view of a cloudy eiff Eiffel Tower appearing on A large city is situated on the banks 
46,"of a sunset, captured in the tall , an image of the sun sh with the golden hour in this article str "
47,the seagull is sitting on top of caged duck in the bolds sit on the ropes of boats 
48,", a woman is walking near the beach on In this black and white image there is heavy traffic on the beach "
49,a windswept dried flower in a lone cactus sprinters at the edge of a 
50,with people at blue lagoonintellij in the image cc32 experience geothermal heat and 
